{
  "S001": {"start": {"x": 5.0729, "y": -3.63371, "z": 32.25}, "end": {"x": 71.0683, "y": -3.62928, "z": 11.66}},

  "A001": {"start": {"x": 51.5267, "y": -3.68345, "z": 18.102}, "end": {"x": 53.717, "y": -5.02828, "z": 18.10}},
  "A002": {"start": {"x": 53.717, "y": -5.02828, "z": 18.102}, "end": {"x": 53.649, "y": -35.073, "z": 18.10}},
  "A003": {"start": {"x": 53.649, "y": -35.073, "z": 18.102}, "end": {"x": 4.84927, "y": -61.9384, "z": 18.10}},

  "A004": {"start": {"x": 15.262, "y": -56.214, "z": 18.102}, "end": {"x": -11.8794, "y": -26.8247, "z": 18.10}},
  "A005": {"start": {"x": 0.93326, "y": -40.8231, "z": 18.102}, "end": {"x": -24.6207, "y": -55.005, "z": 18.10}},

  "A006": {"start": {"x": 10.962, "y": -51.5761, "z": 18.102}, "end": {"x": -26.2277, "y": -72.208, "z": 18.10}},
  "A007": {"start": {"x": -26.2277, "y": -72.208, "z": 18.102}, "end": {"x": -29.069, "y": -67.045, "z": 18.10}},
  "A008": {"start": {"x": -26.2277, "y": -72.208, "z": 18.102}, "end": {"x": -32.7468, "y": -75.8223, "z": 18.10}},

  "A009": {"start": {"x": 22.5926, "y": -52.2267, "z": 18.102}, "end": {"x": 6.24638, "y": -34.3389, "z": 18.10}},
  "A010": {"start": {"x": 53.6525, "y": -21.5158, "z": 18.102}, "end": {"x": 24.3445, "y": -22.4554, "z": 18.10}},

  "B001": {"start": {"x": 71.0167, "y": -3.61043, "z": 11.7}, "end": {"x": 78.3786, "y": -3.5212, "z": 11.7}},
  "B002": {"start": {"x": 78.3786, "y": -3.5212, "z": 11.7}, "end": {"x": 81.2178, "y": -5.44174, "z": 11.7}},
  "B003": {"start": {"x": 76.0835, "y": -3.55011, "z": 11.7}, "end": {"x": 80.6309, "y": -6.61593, "z": 11.7}},

  "B004": {"start": {"x": 80.6309, "y": -6.61593, "z": 11.7}, "end": {"x": 78.1286, "y": -9.72206, "z": 11.7}},
  "B005": {"start": {"x": 80.6309, "y": -6.61593, "z": 11.7}, "end": {"x": 89.1103, "y": -12.2218, "z": 11.7}},

  "B006": {"start": {"x": 83.8027, "y": -8.75633, "z": 11.7}, "end": {"x": 83.7859, "y": -34.2269, "z": 11.7}},
  "B008": {"start": {"x": 83.7587, "y": -22.8734, "z": 11.7}, "end": {"x": 68.2709, "y": -22.9252, "z": 11.7}},
  "B009": {"start": {"x": 83.7747, "y": -26.9807, "z": 11.7}, "end": {"x": 90.8109, "y": -26.8936, "z": 11.7}},
  "B010": {"start": {"x": 83.7761, "y": -31.4298, "z": 11.7}, "end": {"x": 87.1615, "y": -35.9688, "z": 11.7}}
}
