{
  "S001": {"end": {"x": 5.0729, "y": -3.63371, "z": 32.25}, "start": {"x": 71.0683, "y": -3.62928, "z": 11.66}},
  "B001": {"end": {"x": 71.0167, "y": -3.61043, "z": 11.7}, "start": {"x": 76.0835, "y": -3.55011, "z": 11.7}},
  "B003": {"end": {"x": 76.0835, "y": -3.55011, "z": 11.7}, "start": {"x": 83.8027, "y": -8.75633, "z": 11.7}},
  "B006": {"end": {"x": 83.8027, "y": -8.75633, "z": 11.7}, "start": {"x": 83.7859, "y": -34.2269, "z": 11.7}}
}
